{
  "accuracy": 0.5519421860885275,
  "weighted_f1": 0.5484482878034733,
  "macro_f1": 0.5459176860979961,
  "uar": 0.5319384127962792,
  "best_val_f1": 0.5486226498493044,
  "epochs_trained": 39,
  "filters": [
    64,
    128,
    256
  ],
  "dropout": 0.3,
  "lr": 0.001,
  "augmented": false
}