{
  "accuracy": 0.4968383017163505,
  "weighted_f1": 0.4809191079214123,
  "macro_f1": 0.49525549509402467,
  "uar": 0.5228810887301181,
  "best_val_f1": 0.4776866177202153,
  "epochs_trained": 21,
  "filters": [
    32,
    64
  ],
  "dropout": 0.3,
  "lr": 0.001,
  "augmented": false
}