config,accuracy,weighted_f1,macro_f1,uar,best_val_f1,epochs_trained,filters,dropout,lr,augmented
cnn_1,0.4968383017163505,0.4809191079214123,0.49525549509402467,0.5228810887301181,0.4776866177202153,21,"[32, 64]",0.3,0.001,False
cnn_2,0.5564588979223125,0.5538724694366481,0.5594958169512917,0.5576135209741109,0.5812576261499773,31,"[32, 64, 128]",0.3,0.001,False
cnn_3,0.5519421860885275,0.5484482878034733,0.5459176860979961,0.5319384127962792,0.5486226498493044,39,"[64, 128, 256]",0.3,0.001,False
cnn_4,0.5474254742547425,0.5352782866789447,0.5456350344398668,0.5598061148113282,0.5256643024690346,25,"[32, 64, 128]",0.5,0.001,False
cnn_5,0.5763324299909666,0.5720675744003134,0.5744459037325145,0.5665465230639449,0.5828052600696049,26,"[32, 64, 128, 256]",0.3,0.0005,False
cnn_6,0.6052393857271906,0.6023548738119961,0.6100922377847962,0.6172471705110697,0.7009234535435084,80,"[32, 64, 128]",0.3,0.001,True
