{
  "accuracy": 0.5763324299909666,
  "weighted_f1": 0.5720675744003134,
  "macro_f1": 0.5744459037325145,
  "uar": 0.5665465230639449,
  "best_val_f1": 0.5828052600696049,
  "epochs_trained": 26,
  "filters": [
    32,
    64,
    128,
    256
  ],
  "dropout": 0.3,
  "lr": 0.0005,
  "augmented": false
}