{
  "accuracy": 0.5564588979223125,
  "weighted_f1": 0.5538724694366481,
  "macro_f1": 0.5594958169512917,
  "uar": 0.5576135209741109,
  "best_val_f1": 0.5812576261499773,
  "epochs_trained": 31,
  "filters": [
    32,
    64,
    128
  ],
  "dropout": 0.3,
  "lr": 0.001,
  "augmented": false
}