{
  "accuracy": 0.5474254742547425,
  "weighted_f1": 0.5352782866789447,
  "macro_f1": 0.5456350344398668,
  "uar": 0.5598061148113282,
  "best_val_f1": 0.5256643024690346,
  "epochs_trained": 25,
  "filters": [
    32,
    64,
    128
  ],
  "dropout": 0.5,
  "lr": 0.001,
  "augmented": false
}