{
  "accuracy": 0.6052393857271906,
  "weighted_f1": 0.6023548738119961,
  "macro_f1": 0.6100922377847962,
  "uar": 0.6172471705110697,
  "best_val_f1": 0.7009234535435084,
  "epochs_trained": 80,
  "filters": [
    32,
    64,
    128
  ],
  "dropout": 0.3,
  "lr": 0.001,
  "augmented": true
}