{
  "0": 0.630068417638155,
  "1": 0.6843976966001819,
  "2": 0.6744528410296398,
  "3": 0.6740522823180735,
  "4": 0.6840500117375501,
  "5": 0.6662867932775539,
  "6": 0.6790653566500927,
  "7": 0.6745558338542506,
  "8": 0.6670752177270308,
  "9": 0.7025921089412633,
  "10": 0.7407711902476507,
  "11": 0.7402906452593694,
  "12": 0.7352450635627461
}