{
  "accuracy": 0.7199638663053297,
  "weighted_f1": 0.7201857177690721,
  "macro_f1": 0.7272714245987393,
  "uar": 0.7270508352751666,
  "best_val_f1": 0.6966562202313604,
  "epochs_trained": 33,
  "frozen_uar": 0.5698620246368724,
  "frozen_acc": 0.5600722673893406
}